id,prediction
aa2510d454,0
865d1c7b16,1
6d9fa191e6,0
f11f1ffffe,0
40a9b0f08e,0
d8f3da717a,2
4e9266e800,1
6aed8d36c4,2
25208d6ba0,2
e2e9ac7c0e,2
ba081d77e9,2
736398e1c2,1
1560d0a5ef,1
9ac4a418ea,1
fe8a09a5e0,2
47febf64b9,2
c02c110caa,0
ecc46e6843,2
11bfd51cef,0
c140c2dbe4,2
f43526bc93,2
101e77ae70,1
271a1da97e,1
ea0b9c3bef,2
0802a0f669,0
985d338ef8,0
c2664ed75b,1
c65868964b,1
d81aac106b,1
f677445cdb,1
9721cfb6ef,0
fd8926ffaa,0
530597e45b,2
95afbb828a,2
4168cf9885,0
ebe9ea1ecb,2
868ca44474,0
d1610260dd,1
2f7e0f9f3d,1
4d37dcc165,0
560dfbf473,1
eabb83cb0c,0
81dbac155f,2
324a4f0da0,0
914b530757,0
ea68ca4d71,2
c342fd39ac,2
979182c092,2
0abb490273,0
479c4ad2a4,2
c00048993c,1
0fbe18afe1,1
07f3f542b2,0
4acb0d0a7f,0
fda0623fa0,0
7c94437b29,0
740c34dec2,1
f25d51d911,1
d64a31ab7d,2
7c76ea83c6,1
159528bbfd,0
f0e07080aa,1
6499d4440e,0
15265af8f0,0
033527da61,0
8e3b08c730,0
5e71fd08db,2
f77a7c7667,2
be5bd6ee12,2
cca0f4d671,1
a653810d2a,1
6c6c2a0a50,2
8788719e7c,0
00a76a81a2,2
b93041378a,0
8153e32f1e,0
3f3579f61d,1
454d5e0a59,2
fe7d510298,0
bd4ebcf1d4,2
07f3fb3328,1
f9eaae9673,1
18bdd19ffe,1
1d28db6c9a,0
2089d1b0a3,0
be6a9c798d,0
da58d362b3,2
1d8c467a0e,2
4cc4b73580,1
b88327cf5b,1
55524b68b4,2
03347a5a80,1
53e3593eba,0
e2ab186e45,2
8d6c49b649,2
f9ee50f08d,2
2a7c348845,0
797f109096,0
f053d7735d,0
843ccc3492,1
c58d2374af,1
b181ef0986,1
840788ea6a,2
0ce3931a1c,0
95081db694,0
f866706944,1
f19b1bc464,0
c6db2b8b0c,2
26d56f81b4,2
c2a62c0dee,2
25c236e70e,1
b269007b0b,0
47228d065b,2
9eba5bd185,1
4ee92d7452,0
bcf23acd14,0
4c55f116ea,0
29dd44f180,2
142d1e90d0,0
0705b5fcae,0
72125071d3,2
6ad61c560b,2
d3226effb4,2
9367bcb2e8,0
fd61e08443,0
df02edf84e,0
0f370e8a5f,0
12ee491f0d,0
54c381f8e9,0
b5d8670f78,0
0cd9abb439,0
95718541d6,2
3be2fd98ba,0
208a5d2050,1
76e3102a71,2
9d6527cc05,0
7fb0ee0d7a,1
65c613b740,0
f80e1d3d09,0
1cdd43743c,1
fdae4cee12,0
14429beca3,2
a2e2b87de9,1
e2c0e188fa,0
f0d46f4c2e,2
c2f4d5ff32,1
84ee3d2e82,0
e7119958d5,0
7d491168a8,0
3348ea4471,1
a6b617e4ec,0
c53f0b10e5,1
347add9c22,1
8063b75d3a,0
5a00124a20,1
fc60e7b8c6,0
c462ed131d,2
6a7ef38baa,2
47bc9c35fb,1
e1fcae2570,1
75681556cf,2
fb11c058a3,1
189c1ba5c7,1
f8a1864661,0
caba2b13fc,1
e30eaf05a9,0
cdb29e66fc,2
03a160ae89,1
0e22b9ff4e,0
7c092eac9f,0
c0bed218c7,1
d2bbccf980,0
03cd2b5f22,0
d3ccf6dfd9,0
3cac6e57e9,1
93060f14b3,1
481db0dba8,1
b536154ef2,0
12d9af5851,1
a22b51c68a,1
f709d445c7,1
65b6969f49,1
10ffd2f59d,2
c542bdf203,0
6925bfc016,1
432f50113b,0
c2c2e7e4d9,2
3cfb9f976c,0
353477011e,0
0aa1ad5671,0
c90dc99832,1
5ece7b23f9,0
f5d74be419,1
ea853858d4,1
7514593f83,0
91f394f1ac,0
4dc56b7910,2
783c430d8f,0
4f19012f56,2
c63e2b490d,2
e52eb343f0,1
0d6d19b396,0
124ecdce1f,0
703687704e,0
8b866caa4c,2
078c91dd49,1
689d2f8de8,1
7bb1bde56f,0
83d5846a78,0
41b983b4d1,0
fd07fcd604,1
e048bad76d,0
a6f72cb779,2
5cdf5bdab5,2
ba181a14a1,0
3bc75dcbfe,0
917cf0a8bd,0
44e8b76070,0
76ba85a8bc,2
e8e0fa6bbe,0
9e17041953,2
8fe4e9eafb,0
06e4ac75cc,2
88747bd1f9,1
0dab581af9,1
45a5841a95,2
a90bce8aef,0
38832dee1f,1
7c2018c1ad,2
423bf8baba,0
f78d8aa200,2
f1ac71618e,0
1352334107,1
b87b3c62be,1
dcead0671f,1
c492fd9389,0
4c416360ce,0
cc33756000,0
e9b0295030,1
e6fd31f642,2
3d7e2abded,2
e42cd23ed8,0
4e5cfee380,0
7b815a02ea,2
44ae0c067a,0
95641818fa,0
9ec72fe18e,2
a02bada17a,0
4a5f68fd43,1
09cc2949e5,0
42f9957b5f,2
4a11baadd8,2
e0bc749255,2
883e22410d,2
196200def8,2
f8fd92a3af,2
bb4a8285f0,0
fd776936fe,2
6ee09755a2,0
0261226cde,2
615b0c07b5,0
775ff946b4,2
be5b734eeb,2
484a05a1b7,0
bf8e86c31d,1
8695683532,1
95bfb82dfa,2
81d046c389,2
829a74666b,2
d1e44887f9,2
e8b3230b0c,1
cbcd3d9622,1
de0a45fec1,0
44a858d12e,2
b16874537e,2
0f0a90948b,0
f8cdec204e,1
1d9483ee28,1
14b9b9272e,0
816d53bd41,0
42168df05a,2
f3c7185a77,2
1bde710cf9,2
a382b153a3,2
269fba99fa,0
7f459fe1db,2
2253263227,1
f8274f586e,2
91bfe3daf7,1
a7008c7c59,0
46976518e1,0
56224914c3,0
4e5ba4e2a0,0
20459e1397,2
ddadfa3ef5,0
4970743963,0
35ee1973ea,0
e63f86e423,1
3358d94f20,2
e8a3a11696,1
1bffd89128,2
4c600c679e,2
ae5a0b4501,2
7f36835064,0
cd03088aa8,0
a5fb88b476,1
111f0f206c,1
4eaf5e1233,1
7c7c6e4960,1
40999e269d,2
b7d51414b9,0
04c7237a30,1
74d3182706,0
1679f5ccc4,1
0b118b04c2,1
b82b4f6fe0,0
fe0ce2d412,2
1b93b7bf0a,0
f2955735f8,1
f69894b07b,2
75caf8bed0,2
f5ebf408a1,1
652956afeb,0
6974ef01ea,2
f9b76f5789,0
c112c039c4,2
4d1f77f67d,1
6f62de7b8f,1
8f960fdcb7,2
92dfa3590f,2
2de87aa3a8,1
22c59c5cfc,1
9708a04e6a,2
c00a43b67c,0
4364b442d9,1
1de317dd96,1
fdb0422f04,1
365aeadef7,0
d3f804fc6e,2
b98603702e,0
5e797282a3,2
6caa0dccda,2
ff33442350,2
6fd8b1ef3d,2
0848d6d3fb,2
43650984f0,1
7b5f42b267,1
e1fa3f2c5f,1
0aacff4d03,2
588a39236b,2
52ed4e0f76,1
7414caa86e,0
c74b15bdb5,1
fe1cab16e6,0
7fb8126947,0
e10f1fd8f4,1
9dddec3c8b,0
d15227376c,2
663f493043,1
d86417a723,0
a915b86890,1
9321efc8e8,1
d34c1f5bd9,1
7b3cce7358,2
77ae8408da,2
11bc5f33e0,2
dde0667ef8,2
6b3d384bc5,1
a026369f08,0
40a3f973cc,0
7f5a0f2895,0
b753788227,1
844a1ad008,0
534bfcb5f0,1
932192c160,1
27eabe981d,1
f2e4bdee71,0
b0abb3036c,2
e595d6cd62,2
4270e65a11,1
763294db7b,2
7ef3de34fa,2
d9e8ebc2c0,0
270d6f4974,1
2a051805cd,0
274e45fcc6,1
f75f7433cd,1
c001208476,0
253147ad80,2
5a53f5f365,2
b6e54baf69,1
4436327e71,0
6cc0b6c1f2,2
f266031231,0
c9985f86e7,2
0ce48f9fc1,1
6581dea2d1,0
dbd2597c7f,0
e47db528c6,0
8ff6c43fcd,1
57f432ce15,1
8ac36799b8,2
a70d816f85,1
13fa65170f,1
27378df24c,2
40f39aeea8,0
e05577d4db,1
a474441102,2
5482399b0f,1
f4409dcabd,0
7f84d2a376,0
30eba84835,2
37d65d7cb2,1
e5dd31ec29,2
86067a9824,0
bd90925901,2
f64c4ee971,2
b71883f8f9,0
c7090ebabc,2
4712c33746,0
6eb46a1423,2
78137312e8,2
c5f05c6568,0
76973236e6,0
d23a3c8eab,2
7cdd110905,0
3f6e39bbf9,0
fcfa1d9cc0,2
a134ebdd73,2
7316ed4800,2
73d11612c8,0
e5045cf516,0
a63ba8e83a,2
7ca64e3b68,0
0464cc19a9,0
0b482a01d1,0
cb0a6d5b4b,2
996e4bc560,0
f31a1f7fbc,1
1d5537c166,2
64409160b4,1
1dd8ad27bc,1
0aa1b25d03,0
f38ea7a623,0
68836609ea,1
94369a319a,2
f27aa5f315,2
fe0a8ce6b2,0
89c64d9ae7,0
b8c8cded72,1
3ace2b0bdc,1
24a359b476,0
68129093c0,0
ee9e697061,1
33610ea056,0
a8a68fbbf3,0
8585ed1da7,2
f5d25cb32a,2
2bb8ecab42,0
43b73428ca,0
982f42fdc2,0
916ed4ae8f,0
da87ec3383,2
3d17f5ed9e,0
758cc04b63,2
45f7672a17,1
05fe214237,1
f6a6eba9e9,0
0db74c840a,1
2ba9fbf1e3,1
025eee3634,0
8c066004fb,1
24ecbf79c0,0
e4969603d6,0
aebb6209ce,0
4b90b4c94f,0
78df34ff37,1
4e39cfdb50,0
19f698eb28,0
33588680b0,2
b97d576fe2,2
1fae0c4805,2
95859ece13,0
1f6fa81620,0
3100384761,2
1aa7d03348,0
cfa1dd75de,2
1b2defc5da,2
a106d34c33,0
afb4464e72,2
b4031b791b,1
6434a283cb,0
299a93b6d9,0
3e118113ee,2
3db2431f0b,1
b361f81522,2
fb507c42a9,0
2a29cd8d13,2
7e13b7e61c,1
1c64f9f4ce,2
a5905d851e,1
ebae73f2fb,1
15d5882b08,0
1031542257,0
e7ea7f9fd5,2
b237c99428,2
932f3832b1,0
f442d75e60,2
2de96f97db,0
b02ff186e4,0
3835050a5b,0
d0ec1df738,0
c50909159c,1
f588dd970f,0
7a69efd494,1
679bc83f64,1
7f688aee60,1
36c47762e1,0
ce41c8eae1,2
ff47a2fb74,1
e5d570c732,2
9d61121064,0
e24775fa35,1
26a636e7de,1
22bcae9003,2
1d160db3e6,0
a1d62c59e3,2
a798b51026,1
ff1f3a729f,1
de77edec79,2
cf77619517,2
5c75fcdcd2,2
3c3fa5ff07,1
1261f12d7d,1
940961f751,0
5b39cdadbb,0
58b49b869e,0
4cd1638df3,1
baa13e0bd0,1
37bceead18,2
a71b60cdec,0
794927e57b,1
838466de9b,1
4335e36953,2
97cbbfc0c9,0
bb0a1db625,1
0bc16aaf9a,2
245e6b1c92,2
d182b3737f,1
82313e6094,0
305efd65a1,2
74d263f624,1
fd43ef7d5f,0
a3833020bf,1
d74fffc6bd,1
077fa501a3,0
85f7a89680,0
319d9fc467,1
bac9df3899,0
005ef62089,2
ca62a7cb36,1
2a660e42bb,1
e22948f69d,0
7df5daa3eb,0
3659d2cef0,0
c0c3a38853,1
75574ffe8e,1
1137660493,1
7834ac8f9c,2
a464e48a0b,1
c723daada0,0
8422fad145,0
0dd19d6ba8,0
c4c671d535,2
d2355d60c8,2
1fd2caee06,1
5c20a4b95c,0
33c6cf2f40,0
3d2776cc72,1
0f66be3576,0
557a24e8a5,0
ee87a7ea00,0
fb970bc991,1
bb7b82dd38,0
aaf83fcefb,2
2164ea7b4e,0
573929377e,1
c6aad7c698,0
09a206022d,0
438ed54499,0
6da41f3ebc,1
0ebb49c10e,0
f7bc9a7f0d,0
73fc1731b9,1
0ab7e85bd7,1
6e5e1dd794,0
77b4e167eb,1
b024bff5ef,2
2345abea2c,2
69ee11f557,2
9128e324f8,2
5bb178a611,1
c3761f996b,0
9caf7b0891,1
c96cc1ed21,1
b030c2e709,0
fdc40f8a8d,2
fa35bcae1b,0
d7292643b8,1
d4afa78626,1
3cb22bfe35,0
f42127d810,0
a1578fbbd2,0
585b14f5f4,1
150dcef5b9,0
837bbe1c6b,0
06a4996736,0
69d4c39973,0
7d06ee917f,1
565bcecd15,0
00af9ce2ee,0
20c4bcfdb7,0
d778941b47,1
e13b3e087b,0
299f8f1848,2
aa980cfc3c,0
0441855811,2
d65219bf15,0
e3c506ce9d,2
b903eacf08,1
f2d9bb3ff7,0
8bb8fe28cc,0
34257fbe82,0
8f4b1aa65a,0
627fdaa121,1
6fe14ace92,2
db7c3a3302,2
c8f7f3f1c1,1
f9c38500af,1
1c686188e0,0
9d755c525c,0
7dc4ddd8d7,1
ff251d4c66,1
f203ffcc02,2
dec0bbc1e0,0
5e3762f6ff,1
125edde804,2
820f2e3fc3,0
829ab3a440,0
b087e4a191,2
4318104b40,2
e7b9b4c8e7,0
2bfc050b98,2
c147cdb785,2
2a3a247d74,2
97546487a6,2
3d3c02fc46,0
7dae867602,0
f3e1c5f85b,1
29a71213f0,0
e6021e1122,0
0aa43d6d49,0
053e6f86b6,1
aaf7bb8b43,2
a1acd762aa,1
0e840ca37a,0
dcc548fdb7,1
56d1f867aa,0
15aa341387,2
7ca2d2d09d,2
d8aca8bbef,0
919806021e,0
249706763f,0
cb87dafdfd,0
a8c45c6f24,0
d1f3213037,1
ff958d028b,1
0849ebb0ff,2
bce58e5426,2
7f49d02422,0
3c134fb1f2,1
25c8939c1e,2
69d04196b0,1
6845b86f2b,0
442ebf0fbb,1
3024b80208,0
178b1159b1,0
717f023f95,1
19ccefb8b9,1
289062515f,1
c53907201b,0
775ee101bf,2
a93d624724,0
8fea770172,2
6e39f23d27,1
8205582339,2
5703c3dda3,2
131cb3be04,2
4e695210c5,0
d19f5ea583,1
4d028c4c77,0
092546fcc2,2
3ba71b99f4,1
0120906704,0
880c0e1a21,0
d61a9bea8e,1
57a7631ce5,0
3972db3d45,2
dd1bd2c704,0
bb2df19e68,1
05478b3b17,1
f97d716421,0
dbb042f710,2
c8b8c26151,0
6242b45836,0
0c6b86ace1,2
cfa1e0952a,1
fbae9ec0cb,2
fc78d9bdc1,0
c12bed2d58,0
2cd0f9990d,0
2f52148a84,0
b5f255f582,2
45b7b5da84,1
9d4ba55322,0
090e67f3b3,2
724cad9848,0
d5b4f8d22f,2
d1915a05f3,1
7d02402353,0
55a8ea7533,0
106517e884,0
55d6d1d027,0
1b59d97923,1
31729daaf2,1
6e1b609ff2,2
1c1cdbd39b,0
1e4487d9f5,0
02d756851b,0
2d265964ce,2
fccc4a140c,0
49328ab7fe,0
e2c35d774f,2
9c3beedf2b,0
fd3ca76ae3,0
d01e50e2d7,1
801daed5cf,0
71b91da183,2
9c87055e64,2
5dd73015a8,0
9cb3c10979,0
b21f70e8f6,1
54c4119beb,0
3f74e28f55,0
3013eefd5f,0
58bdf493a9,0
c0f81d5532,1
a43d78734a,2
fcd42e9cd5,0
54c49d31d2,0
99f688ce62,1
11d1dcc66a,0
c2b80bf44c,0
6715d58483,0
976f0b4a09,2
9e35c6bbb6,2
10c5d3c2a5,0
31a6951d1d,0
54bbf65f4b,1
79a7d7093b,0
56b164acb1,2
4beda3291c,2
793778f66a,1
259df00bcf,2
9a32d91657,0
cb005d010e,2
43499e8091,1
ba92df1d65,1
df4fb019bf,0
705fb96912,0
cb46b23e18,2
19c411bbc6,0
e590f1343c,2
e139035115,1
ecf1235c2b,2
245d68cf07,1
df71895905,0
b3d4710cf9,1
f9c68ebcb7,2
46a8891d8d,0
2eda0fd3ab,2
a671e1390e,2
b13042d6b3,0
5ffaccddd1,1
16c2a4b941,0
4842fec235,1
3de16f1492,2
63d66667cc,0
0cc652c753,0
3503cb5847,1
75b802ab04,0
2dc415b7c3,2
746d98d6fe,2
87d4374d88,2
fd5c557853,0
c055976cd2,0
2b7d5b7438,0
953069b130,2
73afa6b5fd,0
e0656d298f,0
98f3dfe2aa,0
72a0894598,2
e69f9f818e,1
d38d3b1c1f,2
1375c30ffe,2
7a759f2b1c,0
e2a67177d4,1
36d05b1dc1,1
b227aee39b,0
6836179364,1
adf9002f61,2
4e35acb0d0,1
a78d1c2134,0
1db75a2a55,1
5d7c1608f0,0
7d7b31c765,2
b853aa8ddc,0
ca5b533cac,0
b80a4b52fe,0
893a0d7ccb,0
9d08887f37,1
f0a29648db,0
6eda0923af,0
a733f7ff8d,0
a0deaa4edf,0
3d9c7e7666,0
50ac754bdb,0
654ba3a213,2
2686c730ef,1
ba57d3ff22,2
aaf5a494b6,1
79a79e8423,0
c1e17f4733,2
04cbae6c67,1
82124e744d,0
d06b4efe79,0
a17a6f7059,1
6e350cd582,0
57cbd61c09,1
37ee723a7e,1
edbc138e6d,2
a1b247ebb2,0
1b4ac37341,0
008faf2cb8,1
d9b1674cf4,2
62cc917c6b,1
034ee91af5,1
264c0b45d7,2
09154cdb47,0
3e93ae4f78,1
21ac0cf11c,0
ae71915391,1
0ed11c71a5,2
a6a9d4d7a8,2
93394ac9df,0
0e1177b3b2,1
ac481ef387,0
15323812f8,2
a0f215b341,1
79eb087542,0
fabdadb2a1,1
5f7fe3b3ca,0
144c6808e1,1
0ea45948fe,2
0f1a21c51e,2
8ab9fc3601,2
43060d80d0,0
ad794c4747,1
6fbf8c82c5,0
12f1ebfb89,1
2b61803639,1
a08200915c,2
aba42de974,0
01700092ed,0
3a8e0389f0,1
adfb9a4ecd,0
e85c6750c9,0
aae5df7d32,2
73672504b3,0
993b4720c5,1
8b84e7b914,1
d8cd95ef9d,0
86a415de5c,2
1dcb961459,0
331a10bc01,1
59b708d54d,2
e6d991c4c7,0
6a39d3fca6,0
09ed9c8368,2
dbec0e4176,2
cb59391a30,0
f4425c80da,1
fff8eb1ee3,2
40eded248c,1
ddaecf5b09,2
0c7a83acad,1
a58c3bd999,0
772f83c711,0
ef83acde21,0
94419f67e7,0
0d1648f444,2
7278cfe4c6,1
a1d5581fee,0
3b7302816d,0
526efac142,0
3ad8cc68fe,0
54c83ec733,0
587d8fc9ce,0
a208af31cc,1
0a7d266142,0
ffb28a4a4f,0
d82560cd4a,2
f8d4396145,0
4c8cba334d,2
74214e120a,0
117378e34e,1
03a8786a91,0
52a07543f2,0
119a8c992a,0
0778f35bd3,2
c72d221521,1
11cb6c0f11,1
e761ec7037,2
fb14da3f94,2
5ec6d7cbf5,2
c2d54c1c6f,0
a0cd4cae72,0
e4d76adf9b,1
73b3d99ff1,1
ed8ab864ab,2
8ced3d2267,0
6ea2fe4c4d,2
8b0fe1216f,2
5a4d4669a9,1
b6d8be892a,1
7596426dde,0
9134a56b3c,2
6088846840,0
e57676b0ea,0
de49d40254,1
eafc6f232d,1
278aa4f94d,1
d6fdb95e90,2
cbb16f5a52,0
ee198def57,1
7b0debed4e,2
3fedcdddb5,1
6f48462864,1
11d698bb45,0
99d903bf24,0
3dced3b57b,0
58adbf9f88,0
b8e7bdb3f6,2
4e7f4d03f5,1
1f710b51cb,1
c12a4264e1,0
eace78152e,2
1597c7d7b4,0
810135a348,1
d0cc716e01,2
b1a9e777f7,1
9d884a2b0e,2
93a5fa7bcf,2
5396ff56e3,0
9eb0f82f11,2
303a51bf5c,2
7a026996c2,0
12bcccbe2b,2
428276608e,0
49ed2555cb,0
d10cb5ed6b,2
86cb242314,1
5b6681978f,2
224e5b492f,2
29c72d8041,2
9c684c2c7e,0
4f754907b8,2
66b95c256e,0
90c985854d,2
70da17c2df,0
0cf97d3e34,2
1962c4f221,2
96f2e3baee,2
cdada24753,2
6e82ec4c23,2
29b11d8ab9,2
727fa29cda,0
01956fa147,0
7462e1e7bf,0
f2a4181424,0
3e3367a856,2
55a938cf85,0
7723848467,0
49ade1e461,0
e1540a7dd4,1
1d2702088a,0
4f5d40f484,2
15161292b9,1
2e01c25e30,2
1dffb2fc52,1
4d4b96eed8,2
ad3ecb5c8b,1
7f1046534e,1
e0fe4db1f0,1
e067039fc8,2
55777f6801,0
0a90267a40,2
e700d22009,2
f7bcfd76b9,1
69b0c6d107,0
5db20abb71,0
ca17b4a33b,1
48694c3ccb,1
e539b035d4,0
256f3a6718,2
d6524b768b,0
a082747945,1
d492381f77,1
e8208c75a3,2
4ca5a8a39a,1
5611f11916,0
70565f52ea,0
080d9d21e0,2
68aa33fa71,0
c9b8a49ce4,1
f269df3694,2
a0565e7615,0
2758bcae24,0
5be86f0019,2
4b5d36cae9,0
37c80c5be7,2
20af7a372c,2
299f10ac7d,2
1f2c977bd8,0
b806619f3e,0
4054265818,1
a230f0f1c6,0
37beb9abe2,2
7c463463f0,1
0861208a95,2
09b7f1fbde,0
35605ba118,0
1eaadaf9bd,0
89d234f8ad,0
999ba0c718,0
bb771f2d41,1
a71d64c00f,2
b17ae9fc5c,2
09c13b6157,1
b1d6bd4bb9,0
69bfb575bb,1
2f64397087,2
f4688d4bc1,2
e09868ec63,2
9ae401ce01,1
0e5369e049,2
a024a6626f,1
3b0ff437b4,1
a824434e4f,2
279f47105a,0
91406d50de,0
ec93ef4f79,0
796e28030b,1
f65e5396cb,1
e473710093,0
66afeca302,0
f0be4b4f50,0
5c0d54ab8e,0
2b3d0cf67f,1
800d335701,0
18b82d67d9,1
50cbe61f08,1
9fd3491fbd,0
c0a5ccd10c,0
e6f9c35e4b,1
4626e0a382,1
75a0c18396,2
7e251f6eb9,0
e02ace300e,0
b96761134a,1
c423edb120,1
4d50de367e,0
8e7f7b901d,2
f88518ea9a,1
9cdc354e26,1
2f09984548,0
598d3717a0,2
65dd0e4093,0
c4f7fcfa3e,2
a332de5bb5,0
f377cca4a4,2
10ee36dd64,1
7f88fb2cf6,0
908a59e728,0
1f1b74b320,1
bb4b366adf,0
13dc7f3740,2
4116e23eb4,2
d6d99a75ad,0
1e393dc084,1
e69450d07f,0
4e6cbd1746,1
091fdead63,0
7219affeea,2
fe82693496,1
49d7a94197,1
6633410794,0
085929e4a2,1
fab1106fe3,0
8051e821c6,2
00a556e8a6,2
bc66d78740,0
1570d65daf,0
982da79482,0
6df27902d9,0
34a10d9bc9,1
60c9228a67,1
d74e092fdc,0
c4564ecae4,0
eb7dbf2c5d,2
341cb70fb0,0
16f9a5eef1,1
a82a1b4e80,1
4c95fd300c,1
91461c07b8,1
5ddffd14f6,0
b951a87f61,0
e3597e32db,1
84ab6d7313,1
3f12915b3a,0
2b47991f17,0
c1b4a449cd,1
f172c710a4,0
368a54c17a,1
4d2aba7f68,0
6d10976c65,1
6df3d599ab,0
61eea30ae4,2
7b31064599,2
28f09c55f6,1
728b5025a2,2
d87cfc242c,2
201cdcbb0f,2
c0ba046f63,1
2da92bdc24,2
86ade03d7f,0
3a10e5a077,0
eaf1048067,2
c804133fc5,0
97903b78f5,2
f99ab3605b,2
1dc88b49b0,2
18d6ba1664,0
bf718f9f87,1
fe67b83b66,2
d6f348fc35,1
7f11253a55,0
4cb4067a63,0
e5052e3efa,1
83c62102b2,0
5376eeab5f,0
8c13298d0d,0
e3407d9498,2
e272ba4956,2
d5d85d56a1,0
074b3a9399,1
73f94240e4,2
e762d232b7,0
8bb5b913fb,2
fd6851b32c,2
e68dcc9b1c,0
f2de8e4462,0
d7486fb68b,2
a8bdcbc7e7,0
6a4948377e,2
0137116753,0
49ff2b9d4c,2
b20f43db2e,1
ba9c02c844,1
25262b8bce,1
98b3e0ee21,2
77a7ac8b66,1
ec074b5911,1
e37e26cb51,0
1049ddbfc8,1
0a744588de,1
c28bb9f5ef,1
921ca5f7a0,2
9d8b334cb4,1
22154b8268,0
6323223a3b,2
9afbd385e6,0
65100749a5,0
25b4a8ebfe,2
f005d12543,0
f2c7535089,0
7b2cf8eec9,1
b34ac54b71,2
3acceaa679,0
02f69071ed,0
6717cdbe0d,2
81d667bc8f,1
c18dd3568d,0
cff65b0194,0
9edab48a3e,1
fe9f75c467,0
2e9ac90656,2
a2f04e777f,0
61cc63c3b0,2
ebedb95b30,1
3c189cb18d,2
0814c25187,2
8c48e9cda9,1
d65c26b850,0
96a192e5a6,1
30983edaf3,0
34054e0519,2
e429b853f0,1
9689ad1d72,1
9b78bf3058,0
47b95fe0fa,2
a9b7c950e1,0
09dc2920d6,0
8799d86112,1
3f554ce397,1
25e5c7b4ba,0
a8d3f80fed,0
f9fb6bb4a3,2
a18fba89e9,2
b1c4c554d9,0
d7e62b1442,1
bc8255ad9d,2
ccfadfa095,1
1790479dfe,2
9b9b72ab99,0
f25e6fbcd6,0
27f4161d24,0
95e7b76901,1
0c5aa728b0,0
d8d1d8091d,2
5112090020,1
0053d0ca97,2
5f40d6d847,0
f2d1636cfb,0
8af28cb419,0
ecab388ea4,2
c9ee15351f,0
e80c2731b2,0
c8d96917b8,1
985911212f,0
a0e92b27ce,2
ff566c5ee6,0
254cbc2855,1
cc9726c91d,1
1058657927,0
1126218e49,0
539dd0f30e,1
abb798f84f,2
cd660f6ab5,1
28b5a77269,2
9ae784ec3a,2
afa38e24d7,0
f174067da8,2
e3598abb15,0
b3b8c990b5,0
1d0e54b59f,0
c7cba9f41d,1
ce5a64d20d,0
323ebf05c2,0
371041d74e,0
f148ffad7f,0
977536bedc,0
bebe60a628,0
31213f6420,2
350515f89b,1
dea33671d7,1
419c4d813f,0
ab843c197e,0
cd4235f18b,0
107bbc5c2e,0
6dcfd5c2c9,0
8a4b9bfca0,0
528b10047e,1
8c3e230622,1
0a0831e8f4,2
290b02a3db,0
289c889e9a,1
4b8e7e9e0f,2
72ea71c325,0
85bbd7d1b1,0
a8196f9018,0
d63be717ca,2
7a61d46a4b,1
9059a00c4b,2
66413466ac,1
a2da43dbac,0
7b2bc619c7,1
fddc8551d9,2
5f9a6b24db,1
a2d112a6f1,0
266c3209bb,0
ab29889867,0
7b62cbb97e,0
6a6904c0c6,1
48cadce718,0
e6d15e80e8,2
f18538491d,0
1e8a85ecf9,0
a4a5087d23,1
013985fdf5,0
fcf3ecdf50,1
fa07f47485,1
b72f884498,0
3fac40463d,0
3bd19cd443,1
743b4cd69b,1
12f4a320b4,0
21e1d2438c,2
90a3b45f7c,1
b1514e3038,2
2c85dcbc22,0
7802e6680c,1
fb55e07fb3,0
9e022805c1,0
ed70c19a5a,2
75aef1fd51,1
91869e6141,1
ff0b2cd4eb,0
815f6a3c47,0
8db05cff92,0
bee3fe4da4,0
ae1ed6ab99,1
811a39a572,2
5e603e449f,0
3774d1b3ee,2
3c57b8e75c,2
6fb6e7abb3,0
a5b2951917,1
b0180b97e3,0
45d2f56b77,0
1e47b84b32,2
b4ad69c3b8,2
beb0c91db1,1
1267b1a21e,2
58d5bc2114,1
668295ddd4,0
5dccf7f3cd,2
9dce92f5c9,0
83fd0f4593,1
d6c7c35099,0
e86b2527bd,2
dcfb79b954,2
0e9a7c772a,1
fe0deec159,0
ac999715f9,2
1259edf6bd,0
46cddb475b,2
70c6bb0d6d,0
49952ada9e,2
e6fcbb0349,0
6a56a81882,2
cfd8912f6b,0
dccc7a1cb7,0
e8dfc3eb0b,0
ac52a2c813,2
fb6315bb70,2
910046473e,0
f79907a176,1
8cb01b10f8,0
d4674f3ab8,0
e253d94856,0
3dca047430,0
5b6a212210,0
dd546ab5d6,0
fe0ba2969a,0
3343cfc3d7,2
b39c95bb45,0
ab03346af1,0
92c9e37e37,0
c44be67e4a,0
7b4141fca5,2
d939b5560a,2
b6e4e862f6,0
827726534f,2
41fdb55651,0
5938e3aaf6,2
eb0a106141,0
bc1a9e0ed4,2
deecc1a6ad,0
509cc1fcf5,1
c09b680bb9,0
aaf94d178b,1
3f0cd49700,2
c09bb405a5,1
b7ae7ccd8a,0
f764d08138,0
d62b15019c,2
2b32416d47,0
49c2880ad0,0
66295cdd83,0
993d94218e,0
f281eb0a46,0
39179693dd,0
f24f8328a0,1
e433456cfb,1
067aced6b6,0
61c419266a,0
4fda6b0b3f,0
56ef5c8780,1
57c9108a0f,2
dfc9484f6f,0
fd3754e256,1
786f1a7cb8,1
8229cace69,2
790b8ce741,0
ad21f212e5,0
c49ef48096,0
93b386b350,2
11f23241fc,2
64eac8af8d,0
24f7310cfb,1
2dae39b01b,0
c0f7f3a386,0
80e440c256,0
ab643a5acb,0
c74d0cf4cc,0
052ae7fbd1,0
eaa136dd52,0
2779470497,2
38c10c9248,2
098a95ddd2,2
9d5aee9fcc,1
b2f1858948,0
0e6dfcf2c0,2
54fc264668,2
1d6f493692,2
ed2f8a8b6c,2
f45284bb6d,2
967436b594,0
cdae87e255,0
a6bf64ff74,2
9898b6a20e,2
bc499ddadb,1
1336fb4fe3,0
b4b5753189,0
af646244cf,0
0eae256cf2,1
c981d41a93,0
539791106b,1
c981fd95d1,1
a3b1972c1b,1
4a4daa5969,0
af49803fed,1
6e468534bb,0
34d7f68787,1
224b2db929,0
c2c06c4354,1
d12536eca8,2
e7964cd2a4,0
2cf223761b,1
a47332b258,2
2f5dd9914f,2
cc364b018b,2
87c26028c7,2
1efa7eae79,1
c5e2e445fb,1
088784d38d,0
35e35fae9c,0
610df76318,0
77d297bf3a,0
e77fe19bb5,2
9e185f38ca,1
3f4cc356a0,0
3bdb14645b,0
dfa3888b42,1
cc48a72249,1
244c7c1734,0
b4b8e9cd21,0
4532ec07c8,0
d6db994a03,1
49955ecff0,2
a0c24cdac7,2
835f51cf4f,0
84df2bb4e8,2
ca4b529c1d,0
8ad0ba6b2a,1
e696b21c5a,2
94a5d129ec,0
f0cdeea967,1
89ba790f40,1
01e2007d47,2
4b5da2a68a,1
1b12b3898f,1
cd9d3403f0,1
b82970b513,0
096152b113,2
5b5e2ae121,2
c177b00ce6,1
9e813faaf0,2
3f82cc8f04,1
f95dba85e9,2
07c7724341,2
72f6e244da,0
be7af4e8ea,0
83d3acb204,2
525d29b4ad,1
10870d132e,0
9ccc16e1e0,0
3540adf79d,1
207a144e1e,0
1fd594855b,1
d79745e7cb,2
e670ea3ce3,0
810c4e8c9e,2
1f87229859,1
43be1a3345,0
6a744d3977,0
8c3cbc7cb2,2
899e7288e4,0
5143da732a,1
e1650a2489,1
0133fd91c8,1
16d30e2ef1,2
8c9358c4ae,0
b2629e98bb,1
c1ca56a25f,2
81bacd4d3d,0
8df7f7f2f2,2
56b3aa42b4,2
3bd2f2f7b8,2
f6b30d1ab6,0
5048d425a6,0
76b3a8e246,1
9f81e17da2,1
6b9f4d0ccd,1
93bc18ad88,1
c623a227db,0
dd9a4f82f5,1
4564a225ce,0
0bbc0237fb,1
46540fb4a3,0
6501bec36c,2
cb899f942e,1
7e25d16546,2
e2226c488a,0
649cdcf23a,2
d5ced9a530,1
14ba9768e5,1
069f67e2e5,1
35d55e3de2,2
230e0ad518,2
7c7cb27c03,0
6b46b43766,1
1ba4e614d6,1
f9a3a65291,1
e5245f0192,2
a3439a3378,0
876a68e36d,1
cea6bda7fa,0
7ede309f01,0
2b79c0334e,1
3ff00ed5e1,0
f815980337,2
db50766832,0
74e1c86782,0
419e930c90,1
874fdfe995,2
6473f09be0,0
d0cc5ab107,0
a535972611,0
311f9c5d39,0
3453f8a623,0
317eda0a13,2
02d48aa71a,0
60fcc058ab,0
6bdb466e3f,0
fd6e9d8545,1
38ad99fe1a,2
742e433479,1
e7280a57cc,2
6d8f41ea60,1
0460e1e929,2
d0be6f14ca,0
5c35fab6bc,0
d2bc6646e2,1
ab4abe46ab,0
3aaee7866a,2
c52ea5bbde,2
460dd5b32b,0
2c461fd1b4,0
18ba7884fc,0
5a4b2af816,2
504766fc6a,1
7efd0b5d5a,2
ce2297c705,2
64f3dcdefb,1
491ce72615,1
4ae19a18a3,1
246ddca733,0
e042699e14,2
5e6423c655,0
50a3737085,0
245a06c2d3,0
20e0a1b35b,1
f1421ff431,2
fd9c4b371b,1
81fda885b9,1
fb40eb4fb5,0
92a03af58a,0
33ab3bd7d9,2
d15fa0d458,1
d5f30f9489,1
4f1f1fbb6f,0
230332bb87,0
beb4503be2,1
75ffb46b43,1
e84066e1e2,0
9bbb3110d3,0
418c7a5604,1
4239c4835d,0
57b0555613,0
6dd7148bd2,0
14139f1c9b,1
3b93161749,2
32af4e3de4,0
3b0f91c76e,0
0707e233be,2
d5e605044e,1
5a0a333c72,1
0001718fc3,2
1828d9efdf,0
3b98936d7a,1
1449ad4f82,0
50acbcba92,2
f74d042da5,0
fc2cf71126,0
34f29bc5bc,2
4e69b3e698,2
8a35913176,1
82359a10ac,0
cff162cbec,0
5e6f925734,2
ed54d0252e,0
58175a916a,2
7f70c19f9e,1
b5e7ded9a6,0
e3f87b9d75,1
c84d4da39b,0
58591b4d6e,2
c9e2bb5327,0
8902606f0a,1
cb2a31bc88,2
e607259fb0,0
5a9d607889,0
846566e170,1
ffe66dbcc7,0
ec81cac249,2
f86127275e,0
ff57e2fa3a,0
b9b7a309ca,1
16bf445765,0
8ba38ebb65,1
47575243bc,0
779019ad0e,0
7b57b36051,2
f8ca634ba7,0
3fa01061e2,2
e8a4374fbc,1
4b34fb6371,2
4fca0b9d55,2
3d0e1d9c3e,2
40430167c6,2
d57b8b724b,1
3b23fe1e95,0
4cdae3ef95,0
ab569e9e7d,0
cdb380b585,2
50fd16b9f3,0
f2e70ead5a,1
42999b6386,0
753c1ba23d,1
0491dd2600,2
01773b35da,1
efd820ce99,1
329c04f4ec,0
b15f5bdaf0,1
3f2489c655,0
2e6ca18d94,2
f81904f891,2
ce7c6448a8,0
ce51c7404d,1
63ed9b0b56,0
668678adc2,0
3f8b646f48,2
a0fd91297e,0
0b23187639,2
fbb6bcc5d2,2
1643c4982f,0
d8d3c3dd15,0
c9fb6dcc8d,1
6acbd39329,2
7e5594c9b1,2
3a543c89f5,2
3cfa1782ee,2
cdf2a45183,2
44d7297fbe,1
dcfc8cca9e,0
adb35f57c8,2
35388c61df,1
2ae726847c,0
d68118690e,1
71877742dd,0
0367616b60,2
53ea69dfc0,2
2b9f979000,0
91026c6eb6,1
e4490e18ea,1
1091459e6d,2
884dd1544c,1
652b76ed9c,2
c0d2c34471,2
ccfe0be687,1
6bc32be6bf,1
3913c30edf,2
49c03a1f22,1
1d30d6eaef,1
70eb6471d5,1
2f7f52da9b,1
85a38b7dc5,1
e7857bf8d7,1
8e5dddd3ad,2
cf3c265344,0
1db4332ae4,0
46dce6993b,0
07e816aa6c,1
15fd7d9a50,2
4ce7b06684,2
baabe27e40,0
8e661b1574,0
876b944457,2
2eaeb09d11,2
9f9ee108fe,0
c00481867c,2
a4f74215af,0
ce2178d73f,0
bc1220066c,0
fe5b124a1e,0
ab7917cd16,2
b0efc064b9,1
36c15b1d1b,1
d6ba782804,0
ad74c2e80c,2
7e7c91bdbd,0
c79cdc4db6,2
0b5367c57e,1
6070c96b27,2
10776ff1ac,2
bfd7a340a8,2
b81f8ca296,2
154bf9ad1f,2
d94ed30f46,1
52634347d0,1
8b6609f222,1
c0b62933ac,1
6bde95c929,0
7b3f932963,2
1cd3e87165,1
ed7531fd57,1
8e470538a9,1
e6291b6241,0
b3600e1155,2
75e6fda742,1
09597f1d0d,0
76d567325c,0
dadb1c8e17,0
4d6557d0f3,2
5dd09997a5,1
f58d061d0b,0
086f3a1bf6,0
dd085ea72f,0
5fdacd989d,1
b8bd2a188e,1
2152ce2537,0
95476ca53d,2
89ea784aa9,1
35c4cf20f3,0
77ce5b0f99,2
10c8468f34,0
1b775440c3,2
bfc86587c2,2
a96ea898cf,1
bef949e516,0
088fea8fe3,0
9f45f4933b,2
d51b197fd5,2
dcda3cb1f2,0
7d98bb322e,2
5b759a6369,1
eba30c2149,0
710b24f23e,1
c85d95825b,0
7dbf05ff14,0
2596abd986,1
f260247ac7,1
ceaf182d4c,0
2b3ee0415e,0
713c4f3be0,1
28735abf63,1
7828798ee7,0
aa5d30ec20,1
6c85f5aca5,2
3561aaf11f,0
40c0374c24,1
6fe24c1e9a,1
9812eb1527,2
111787181b,0
0f543bc671,1
c2819304e7,2
c87369be18,0
4ad2993dd3,2
2b5445a8d9,2
20360e5728,2
372b0c053a,1
a825fd3755,2
5022174343,0
0dfaafa5d8,2
b27077a872,1
d04b216d6d,0
43ce79314b,1
c9d4dc43a6,1
2787b273f3,2
189b912322,2
90765cefa9,2
0d5200e7f9,2
9746bab156,1
d08bf9fea6,2
b89d8a8fb9,0
0502d741a2,2
d6834b91ad,0
02aa81d82b,0
02ef979ca8,0
cbc32567a2,0
823597c21d,2
6d75f617ff,0
12010b3338,2
318f38165e,1
79cdd329c6,2
75166120e6,2
ad7a033e8d,0
088c6ecac1,2
04bd33f36b,2
e90d966f3c,2
89fd52b49b,1
72154ab537,0
47ca4e1046,1
4cd8c1f9ba,2
190f0c5c2f,0
b3ba8fc1b1,2
b1a89da63c,2
be6a089384,1
2489a8ea9e,0
79d067a6ac,1
f7a821c561,0
20bc3c271c,0
fb1b31883c,0
5d69ea07c6,2
28dd562acd,2
38951ca8a4,1
9bf72b96b4,2
5df4825b03,2
f627527b87,1
59c2171b8a,1
6a96496ffa,0
c0f094f47d,2
db0ccd872d,0
8bc34ff0b7,1
9d893ed846,1
709db4f2e2,0
9e03b2035d,0
af8855932a,2
e38da917fa,0
a9d3de4212,0
506168f3e2,1
d8f4d975ba,0
133b52cf85,1
b24d43e12e,1
b44a6adb9c,1
3ced92186a,0
c00e41fb9f,2
3e740566dd,0
b177c7b239,1
9f963b38f4,2
e32e40565c,0
85c5c47087,2
007ec408cc,2
f56b2dc58c,0
d8e786c955,1
d32358d049,0
5b9dec91e4,2
7d6e44fa5a,2
6efef21300,2
428c374cc0,2
13884b99d5,0
73af58ad9b,0
358ad493f2,0
b691813f06,0
9fd2e3c30b,0
479fc0e9e9,0
406f14add2,1
0a8b114937,2
b63066e130,0
dd5dbb5ecb,1
0e38a986fa,2
dff35cbfb9,0
eee9ef09b2,0
59cd7e2072,0
cabd643cb5,2
a345f13729,0
a2c7c2dac0,0
fa76d2cb1c,2
9892ef32ea,0
548ace001f,2
35bff2ebc0,1
7a1aea7b18,0
5cf2b7e72d,0
2c62352868,1
860840e7ab,2
3d9f6bbdab,2
234c556dd1,0
5003c53480,2
5109dd2b34,1
9faff69fb1,0
28fe336c74,0
b305f0ac22,0
237dbc9f71,0
f74b64bbae,0
331693d9fd,0
9ae4b79b30,0
d309dae4d5,2
62a143e524,1
e7316280ee,1
dd37b2f17c,0
b915544ac9,0
9c4aada449,0
f464052794,2
206db0e110,1
1f1f5daa15,2
1d23111e05,0
def359f5a4,0
9f9e8d115e,0
4b74a8db13,1
2e957158e6,2
c548478675,0
69979cd625,1
768e92e526,0
04c6c01f87,1
4cc9f714da,0
d4a5a012cd,1
36261a57bd,1
e98dc8b9d1,0
2c5a69302c,0
9e99bf2bab,1
5d564be56d,0
4d98b56f2d,1
f99eeea8bf,0
e8bc035dc7,0
65de6974d7,0
b57585c6c5,0
0246551d9c,0
bbfab3584e,0
281e567639,0
8aee0fde52,2
e3d09a1ff5,0
6d30b31399,1
a8159ef5b6,1
5643170cc6,1
1b45b1b6cf,1
ae78ace23e,0
3e59829b6e,0
1cc49f8bd7,2
573cfdd46f,2
b3bf0c4566,0
58e40f653a,2
b6d9435ee4,1
ea3b6f24d9,0
b505f34457,0
80f13c7ff9,1
e40780efe1,1
5ed16b6f7f,1
4b0949cec5,0
5f2ec30200,0
5affcd666a,0
39dec1dc7c,0
5608a51e54,0
8a327ad3a8,2
03e6c12bd1,1
d9ff64b6ea,2
109def9a59,2
7443b28261,2
d05d4aa3b4,0
87a775c3eb,2
88e9c84c6f,0
cabf03b349,0
c7990d64e9,0
b268f6a664,2
51481c6217,0
b17a75ab70,2
f13837dd08,0
907ee9427e,0
83e5c41f3f,0
7b4def0815,1
b96ecd0786,0
79420155bc,0
7ed2ae3834,0
e737b20217,1
760a077e6c,2
c737f4148a,0
7bd5a61ab8,2
6593fcfbff,1
b0e950b925,1
797b9f7e0c,1
fb3a5248a6,1
67d7801dd3,2
466ab2432d,0
95603299ca,1
6d1d4b2a4b,2
ab0c289ac6,0
ef70bb9ce0,2
f01441ffb4,0
778b13e6a1,0
a9705aa4ee,1
727aaca5a4,2
0eb23ff2d7,0
0a9b3e0c4b,1
3b6daa7c70,1
b83e1d52fe,0
f33f0f74d1,0
6c7d4bc47c,1
b44d104d97,2
b099670f43,1
3759c152a6,2
ffb4feb8c6,2
e6ec48db29,1
287c74d7c6,1
bdae49f5c7,0
a7f8aec5c1,0
6bfd138f96,2
8a74b7f478,1
64e99f4c02,2
3e59da180b,0
773eabb702,0
f0d28d26a3,0
f55a4609f6,0
35ea2f24aa,0
7d0343d658,0
c9fe2b182c,0
d5ad8e979d,0
b73f81d2b2,0
7e5e8debfb,1
3d1e42f994,0
181c533419,0
87b0323b7a,0
775e56f6ab,1
b6c83a9daf,2
8dbf834e8d,0
7ceb04d31c,1
b2e00b319b,1
6ff74185f1,0
1552d356d2,1
a96112cbaa,0
d8023a93c1,0
6486a1c170,0
8c3f2e343b,1
5e13865f5a,2
9f6cec0127,0
7b1fe130f0,2
29e21b0345,1
5730c3e115,0
1e98b3410d,1
813236ba6c,0
dfbbb46a3f,2
c9eadefe3b,2
463edebcc5,2
a2c894c136,1
7fe0361a82,0
fafce89a4f,1
bd78b44ad5,0
fea74c8f1f,2
d36c7a1819,2
8a09f1ce88,0
886bab32f7,0
c9ca0123aa,1
319358e3de,2
c5d1acc66a,0
a7bf4c3f07,2
62af966599,2
1f68267290,2
d9cfa870c4,1
7f5add5636,0
5d506b3022,1
cd190718e1,1
33121fcfd2,0
f79a4bfd35,2
94acfd3acf,0
2dda35f564,2
546349a850,1
4f9b5ce989,0
35dfa1e0c6,0
9042cd32e4,0
3dd8b37c3f,2
d97374f3fc,0
279230949d,1
4160049a94,1
81d6538cab,1
04d78da41d,2
fcd8979172,2
81d6e1733d,0
95e27f021a,0
2c9b4e8786,2
60a9f333c9,1
9430333b7b,1
a7cae48c16,2
2f9607f25b,0
a9604eb0d3,0
d25f6fff9d,0
467dc8244e,0
e79a070339,0
2407258db7,1
1e2e046bf6,0
7ed3b520c3,0
a4c559781c,2
6e50b24c21,2
135635af1e,0
1a4a3bb7ce,1
3c09e0045b,0
36b66c146b,2
80ec419b98,1
876f8b6f14,2
3e4f15bd47,0
b7be48bdd1,1
145718d6e4,1
a42683043b,0
cbf7b71110,0
4d9ba03519,2
b18b12ba97,0
eebe19165d,2
8ecf1961c0,2
db7e8a9646,2
ce420526ca,0
f23ac50bc9,1
002d0f5868,2
ab256fceaa,0
96f729f8cc,1
34c6810321,1
e21cb02f14,0
14527cd3ec,1
578df44c43,0
fd889b412b,0
4bbb9ca869,1
463846836d,2
f39fb679d2,1
27c4098d95,0
79556edccd,0
ee0848665a,0
0b0f3e687c,2
76178f6f18,0
96117c1432,1
a389b84f7e,1
245cd78cc0,1
ece6252459,1
be4f270056,1
80b2e6cb8a,0
1fa6954953,0
e9b44b8d43,2
ec1058e5ef,1
30d525e07c,1
993019f38f,0
8ecd61d750,1
617379203d,0
5b17fc1c42,0
4bd84cbda8,0
3c2890f992,1
b8e080ff53,0
cd36aa9a40,0
e1798e72f8,2
ed5ad272aa,2
bcb6fb6d50,2
ad14d50a01,1
016dd3a2fd,2
ad830c18e5,1
8b236f4cdf,2
73277ab9be,2
1a9274a9fa,0
7165f6dcb4,1
8aad2251e9,1
0ea2c223b1,1
795e320205,1
a8413649f9,2
9422bb86b1,1
855f360475,1
0d26711de3,2
778ec123aa,0
b75bacddaa,0
ef8bc60c1a,0
c8b559e652,0
154cc5d89c,2
7484ae9302,0
a0030791d8,0
6e4cd36586,0
e4a5a1ef6e,1
2045a643a8,0
df7e8069ca,0
84f0cf6848,1
9bff777abc,2
00430229dc,1
892d2f7f35,0
81e519d46e,2
7b0a15cbe7,1
fe9aa2b120,1
f27539982d,2
ef141adc78,2
1a75a4e80c,1
b73eee39e3,0
6e8b939fd5,0
38d045b1a4,0
5df746cafc,2
fe25640c0c,1
1295771d4d,0
a9c95b7bef,1
b95177aeb6,0
05fa1c26bc,1
d02a3a5a70,1
ffc9078f40,2
7b9023e328,1
3927434f1d,1
237c334b78,0
34a0028ac0,1
fd5aa63bfc,0
4ef2ce13d8,0
b8ef9a31dd,0
25c33661f0,0
aeb5bd0824,1
16c46d83b3,2
3d744019cd,2
3b34c7cf8b,0
2d62a208c3,2
79d879da09,1
517046eaf2,0
02f0e64310,1
171815fcda,0
29d27befd3,2
3118085055,0
e02f2cb1b6,1
f115755873,0
54d0007a56,0
f3c8d37d17,2
6cdc6aab2c,2
b059907e50,1
1207381a16,2
a09c0f58f0,1
cef9e28951,2
e8820ae507,1
7e60b376a0,0
b53ba3eb49,2
13378a725b,0
bf6ca32459,1
0f56eb35a2,2
9d2b691e9d,2
8c61977e1a,2
96d6335aec,2
0a2cc81f26,1
482579bc06,1
99d603717a,2
1eb55fd205,1
4a2c96c46f,0
902e57d645,0
42d6065cd3,2
6cf491d341,0
afac714091,0
6b3becf532,1
4de660616c,0
b94ccb5c9c,2
0f60bdb60e,1
6a7951754a,1
ffcea20a66,0
58ce6aef71,2
743fdb7eb8,2
74a3c5860b,2
8c438f66a3,2
0865a6d8e3,1
6566795dcf,0
89f5feeb40,0
b0ff1dd12b,2
5c7e00a4b2,1
21060d118f,2
4f65d19d57,2
e09de63229,2
9a495bb5fd,0
5da80cc2f6,0
89ec17b705,0
570d9a2ea4,2
326007a79e,0
557d34cb76,2
87bb8a239b,0
d32cb905fa,2
0665f2235b,0
98e6096c69,0
c99b0b9621,1
20ce4cdc8c,2
3517094a17,2
c3e20dd05a,0
43620ab661,0
abb415bfd8,1
044427e57e,0
4d76ff6f90,2
20a63e410c,2
038f1d4125,1
1893df46d0,0
4954abfae8,0
31c5860338,2
cc605caced,2
f78b93c538,1
6562572d19,0
4c29728dfd,0
538c8e47c2,0
5d3e66d02f,0
28cf8787cb,1
b46621d4ea,2
953a591318,0
513e083ad0,1
d2c49fef78,1
88861bfa27,2
13219faf87,1
2f680e28b7,1
9ade7b13c5,0
50b431dfde,2
72723bd379,0
82121def01,2
9fa97cce4a,0
9469930e2d,1
23c6eeec46,0
f834c61120,1
85062066a8,0
0f011b79e8,2
0b6392774c,0
d78204e22e,0
8e1455ee8d,0
297a90c342,0
da7a5170f8,0
924e66e9d7,1
06d518d463,1
ad88f4993d,2
0c310c6ae8,0
e66359daa4,2
ec88e9d225,1
72260b0e43,0
6560e281ae,2
fe94bdaada,1
5765f5b6bb,0
3275a97926,2
9b8fea1fa1,2
cafe3a799d,0
250dfc5d57,1
31515f250c,1
fbbace4334,1
ee63dcac0b,1
897489dfaf,1
ee616b3a11,2
fe237e5484,1
eabe043549,1
a3bc43802d,1
5ff16d5a1c,0
ba75e793c2,0
1c846b87e3,1
98ffac2c96,0
f516c2232f,0
3e89579cd6,1
8563c6291a,1
aef65d1d1e,2
86f8bb1f9b,2
70b79d3deb,0
822d81c3e2,1
8f5919a686,1
653b077374,2
720c2c3bbc,2
ebbeefddd0,1
8650bdaf6f,0
e847cc2836,1
534d56b634,1
1b44bc65d2,0
af1476ab36,0
12f2531b5f,1
5bfe3eb4e9,0
a751eb3c40,0
4030f74983,1
cd100797dd,2
4e948d4890,2
5ba3273e70,1
bf2ea6b70a,2
f78a8c4c20,1
d0ff2094dd,2
5b452a2ff9,2
0b04961869,0
01e151b010,2
28e857d37d,1
e6fa85e2b2,2
db7e6e8edc,2
fca5d13c7c,1
835fc78aa7,2
f93e099221,0
4a123388c7,1
23beafc540,1
c481699725,0
bfae0709bc,0
084af194cd,0
1143ee5328,0
0a1214927c,0
8e7642a9df,0
9bac6552fa,0
38ccf82a89,1
730786e2d3,2
7c66293d8c,0
5c15bd09d8,0
08f7495dcb,2
9fd90031fb,0
360e2f367a,2
c79ad03e9d,0
45566a6df0,2
d5f3cb732e,0
9ee109da31,1
dc1c0cd2b9,2
2121023d52,1
fb1ccf7d3a,2
dd218327cf,1
b5c5316775,2
e43cbfd8b6,1
bd63203660,1
a5b75e4fbd,0
09e87d563e,2
f53b71c556,2
84ec0eff48,2
5c9ad365e2,0
a8462f5f05,2
a792b8d6d7,2
91591a1765,0
4b4f138d77,0
4b551fec8a,1
8368a77b6d,0
ce47ce9f90,2
8066fc85b7,1
c58723f7b0,2
b4bcb8233c,2
3177ff9bdc,0
a50d386503,0
e8180fd3d7,0
5deccb706d,2
02e657d236,1
9a4ac3d40f,2
2c07f4b522,0
7f614fe2da,2
63d563158d,2
57fb0a937d,1
fb61847330,1
3133d8ac09,1
3f01da2160,2
b09f8beff0,0
090a9e6273,1
64573f85e6,1
241405c3b7,1
69796d5e55,2
2bf8d0740c,0
aea650542c,2
35fa38eb96,0
b5c36e11b6,0
39c41f1709,1
11f4ecc8fb,1
a11dfd1df0,0
e945ad4b47,0
a1e463ae38,1
05ce2917be,2
545d3c9b0b,1
f2e41e99cb,0
87adbd7b05,1
8a484a4e72,1
06207f3c4d,0
d8093bb18b,0
d08079179d,1
621d136863,0
19925445a6,0
dc7e94f891,0
d16e95adc0,2
ad2eef5282,2
ada5242409,1
1e0f551e34,1
7560f09e21,0
509ffb8777,2
d49acea268,1
39fc953b41,0
d8eeb8f71e,1
e637764027,0
69caacd23e,2
75c1616ab2,0
fba6f5ed16,0
5ac7a332b2,1
b5e9f2a91b,1
1eec1c34b7,1
f6f4c63d94,1
eeefe63e09,2
97355fedad,0
d074f1ee86,1
258d45487f,1
a4f6e7ed83,2
be1c5a8a78,0
91e19939aa,2
edf9f06ec1,1
6d0733ee93,2
5b692d047b,1
a4b4edf27c,1
f958907a81,0
f144490593,0
8d0e34870f,2
c35844424d,2
ca01737970,1
91531e452d,1
ae0048dddc,2
adb8574ce4,1
84e7081aaf,2
3fa7a1c5ae,0
22667145c8,2
eeb2995d0b,1
90ed794c3d,1
43a388eb8e,0
7dac883880,0
44bfad0bfd,2
749b9c07ad,1
8820375d16,1
466e43a85c,1
545d4491f9,1
6afa181ca6,0
69ef0216e4,1
0156c2c00e,0
aa757e5e73,1
91e1833bd9,1
1d32529b0e,0
fcc0d0d825,2
04ded7e472,2
6840a4ce41,0
85c8fb9252,1
11b8452635,0
82d6a94df6,0
a7ffa44a61,0
8846b46a20,0
07f6fe3531,0
2867dd61ed,0
4e9c6d9878,2
b47ee29912,1
eb06cd450c,1
a3bcdcc8e5,0
c09d5e2a8c,1
facaed790e,1
c48afb9178,0
d6687eb6a8,2
9538f9709f,0
b6dd711143,1
c3eca2d90b,1
8664906c6d,2
b246d33ca9,0
9f9a0816e8,1
afe25a8712,0
dd153567e8,0
6b7c55acd4,1
d4d43c3d15,1
fb2bf6e341,0
9a3c7e1150,2
a1e96222f2,1
0f08495392,1
ea98f96e09,0
c99b2de24c,0
6874a8fd29,1
82094736e6,0
0ed0b2183c,2
c81a1b8ed1,2
bc6b6cb824,1
fc94ba8c74,1
ca0b62b584,2
fd829c5589,0
7e34a9acd8,1
d02537fa62,0
df7e6e5c97,1
e4955531bd,2
34ba3721b4,2
bb92933ffc,0
e7274df1c8,2
d1bb689fca,0
6db9ece727,0
4dacd11a47,1
2e1ff13b64,1
29649a13e1,2
935dde367e,1
a1dea9ccc4,2
1afeefcd75,0
db8c4f64e6,1
eac6647866,0
e22beade60,0
cbd8dae710,1
91c88d9868,1
8ccbd28930,1
e0946459ba,2
35507043b6,0
1d78e3ffec,2
814983d46e,0
b845bc31ff,2
79c529d6cd,2
921109a819,1
d480468cbf,1
87baa8baff,0
1a9d5e9d78,2
c016644965,1
00ffdce6ce,0
11cbb43d4e,1
4fc9545c73,1
112beab3b8,0
572738e915,0
7d9e040822,1
4000a96078,1
9bc2cdea49,2
c6a34c1ea3,2
bcb42819b3,2
8fd7307572,0
876f35ddcb,0
58f4ee61fd,0
810817356f,0
fe74871c3d,0
33f5d78bc2,0
e7ddd26505,0
87b5090e61,2
e63a7d264c,2
5e41a0d586,2
fce3512b32,2
78e1f7e5a8,0
4ac49fa3fd,0
36c8a2fbbd,2
e3934490fd,0
9a953d17bf,1
a2907215a8,1
8bd5c60b51,0
0271f4358f,2
3263625f20,0
d3a1f4ef02,2
030504e3ff,0
36245278b0,0
7ea5d5a014,0
f3154c04c3,1
0a092f069c,1
3f71ec0515,0
0707563d69,0
339e18d3ff,1
d42453c46b,0
6ffe7a5602,1
7924f33c2c,1
ea5415eeb0,2
20a4f0129c,0
e7e5e7b115,0
9bb8d84389,2
01392be83b,2
6a61bae6eb,1
a51e1ac4bf,0
36a83c82dc,0
967acbd410,0
25cd68fe86,0
a31b9893a5,0
e1ab99f05e,0
21e53aa923,2
6a835d1b77,1
7cafbbeba5,2
3a91f9bb67,1
42da572974,2
014e662ae0,2
4a72cb5302,0
cc0ca7b48e,0
0807d2ba50,1
dfdbf66e46,2
bce10710ee,1
9ab4075e02,0
0fd24f85ca,2
b648a340a3,1
b232a3ac2a,1
a38077b180,0
86022b3fda,0
d4a6c87f4b,0
fbc627b1b2,1
0958727490,0
df695f0fe2,1
afd75dddae,2
659bc9d7e7,2
e909176898,0
b200eeead5,0
b1fa6d8004,1
ed59ad113c,0
bc3f95773f,0
b269c6bfab,0
a7a498af42,0
421a40da11,1
31ff97b80d,2
f716b969b8,0
dbeb8348c7,0
f57d2b92fe,2
a36d855511,1
24558fc8e3,0
de724dc228,2
dbb538d734,0
f4811d6617,2
91e90b8c74,1
a0510574a2,0
1e5292fb61,2
41c3af4a95,2
78288d17d4,2
6c9ae7451f,1
9bb7c55e1c,0
2303757bd0,1
f54f2f05eb,0
3508ee0005,0
796f6238b1,0
d0e72b85fa,0
97ec015198,2
10b532a2c8,2
a19fa9b83e,2
5eb220f2fa,2
79bc99a2d4,0
e2427616cb,2
a535fb768e,2
7db4042c2a,1
c01698bc7d,1
915b8eabfd,2
ab7b0531bb,0
035235cadb,2
7f6a4db4e2,0
47262281dc,0
921c2efcce,1
56a05bd642,2
a738dad578,0
69d9676d8d,2
87df131a9b,0
35b7aa02cb,0
bea3dbec3e,1
883bd95378,1
a6217183e2,2
c2dcec977e,0
0c2bbe8f48,1
ba00146e8f,1
71c6fd3ea3,1
07f20b5e44,0
a7097d4bcd,1
eef6b893cb,2
57fca95ff7,2
2050128905,0
fe6896cc1d,2
c7f90a75fd,1
f319b860dc,0
8fd0f74513,0
16444ddf6c,0
6d6e909b96,1
53ba2bc7ce,2
723955407e,1
75c9aaf3a0,2
3cbd1fe797,0
ca0726a1d6,0
1bf230edec,0
d959dbfc78,2
42ca7195a9,0
7d4e4cb433,2
db51a72f4f,0
2f26dff025,0
438d6c0cc1,0
c418fcec3c,0
986d1f03df,1
db5a874bca,1
c0903c912b,0
54c80f1682,0
4d976d52a9,1
5df236fde3,2
58561149fc,1
8b28faf8ef,2
eacacd5caa,1
f617811f04,2
f0318253cd,1
d3b6756d78,0
f996c1bf63,2
19166c1b46,0
4fbde195c3,0
0da03f96ef,1
4ae360d30e,2
46fd1f1e35,0
e83e4e3342,1
00025f94ac,1
ed5d0336a1,1
53f3c27813,1
21b58487fc,2
44503f4dea,2
d7c97ac42a,0
90c7df2c60,1
560cb43f2e,2
9f8c67cfa1,0
9418ec4b81,1
d38c8476cb,2
60a1ef4eba,2
583869942e,1
c74aa8292d,2
4bc72cdce0,0
b18c41dd46,2
fee93206e2,2
2241c4da8d,1
1cf073b067,1
ca0b1ac1c5,2
3fa620391a,1
21737d69d5,1
790d418d61,0
bf5ae9fe20,0
9c1e1da0c1,2
28a7a11b0f,0
9a6ecb4f74,0
f035dd565b,2
527787b6eb,1
0ee2b39f37,0
692bf759c0,2
f14d227593,2
0504a11780,2
d83a2d3292,0
0393470806,0
05810dd996,0
10f4ac9d11,1
6f32a69dc3,0
f14649421b,0
ddd65c9ae2,2
b1bc37b7fc,2
9153dfe9ec,1
9174a8a76e,1
b9c533db92,1
3b844b2968,2
2395d0b146,1
37447a00c3,2
dfaefcaba4,2
010fbe8de7,0
4a85eb4a21,2
822580399c,1
7cf3bcb3ad,2
fc42a72a7f,0
804fa35caa,0
7cc7006e2f,2
8cfc6abd3e,0
fe4af27a39,2
15006a82b5,0
11eecdaeac,0
4555a7ad62,0
3bb3f53f62,0
99d54a2924,0
4969299008,1
3db4970b97,1
269c09656d,0
bd1f0fde11,2
138a1b848c,1
9b647511b9,1
2ae93addbd,2
4a58542cc6,0
7f62486d2e,1
a735fa3655,2
cefe507c84,0
454cf7e29d,1
b939e1a969,0
fffa592db9,0
932defb923,0
50be59db8e,0
f2c9dabd05,0
fba50d5651,1
8bb2f9218e,1
d92fa7ad6b,1
48654cdc73,0
fa15569545,0
d0583b9383,0
9e0ea9ecbc,2
15c485bf8a,0
a48b07c49c,2
34cd323b96,0
66ff861614,1
8b74d03b53,1
53657af44d,0
dffbf4838b,0
bca27d3121,0
a2cb786540,0
9cc66f6357,1
c16b4bfcc6,1
1965d6702f,1
4d5bdd9edb,1
4e4cf4ce73,0
249b4e1b72,2
278649cee4,2
22040d132e,0
0020718207,0
7f8298d7b5,2
85b1f780b2,0
47581f9167,2
bf5acb611d,1
a9f8674f8c,2
f573e0b598,2
7a9381dd7c,0
763c163dc4,2
92c2ac6fd0,0
581e9ad249,0
b69472800b,0
2fdab9fc61,2
07996277a8,0
ef20b8529b,2
e4f1debbf5,0
2be1dc12f3,1
9625e3bf5e,0
d08782fd15,1
ad323f2331,1
87f1e81029,1
4ac6c8c846,0
975dded02f,0
2f1df5078a,2
c78ba78eae,0
a7f39709c3,1
f789ca57cb,0
5a491bed1c,0
f7577cfcb4,2
d874aa1893,1
88f9396708,1
7dd65166e6,0
0b66ee4a37,2
7618dd5a26,0
3189b0ae29,2
f357a04e86,1
0407b48afb,0
16c2f2ab89,2
